Unnamed: 0,cutpoint,F1
cg16709294,0.68,0.9125799573560768
cg00902147,0.7,0.9311064718162839
cg14179575,0.72,0.9443298969072165
