Unnamed: 0,logFC,AveExpr,t,P.Value,adj.P.Val,B,Normal_AVG,Tumor_AVG,deltaBeta,CHR,MAPINFO,Strand,Type,gene,feature,cgi,feat.cgi,UCSC_CpG_Islands_Name,DHS,Enhancer,Phantom,Probe_SNPs,Probe_SNPs_10,dbeta
cg14179575,-0.396391931,0.486960725,-15.33255248,1.68e-44,1.42e-41,90.12316106,0.8477059,0.451313969,-0.396391931,18,13826399,R,II,MC5R,1stExon,island,1stExon-island,chr18:13826186-13826523,,,,,rs2236700,-0.466129569
cg16709294,-0.395228707,0.474174291,-13.33397648,2.2000000000000002e-35,3.35e-33,69.2333293,0.833860848,0.438632141,-0.395228707,14,70235567,F,I,SFRS5,Body,shore,Body-shore,chr14:70233570-70234668,,,low-CpG:69305287-69305345,rs71665231,,-0.455203238
cg00902147,-0.370513689,0.488219332,-12.75534439,7.34e-33,7.160000000000001e-31,63.45635709,0.825413445,0.454899756,-0.370513689,17,76993394,R,I,CANT1,Body,island,Body-island,chr17:76993373-76993619,,,,,,-0.440309979
